No.,Time,Comment,Scramble,Date,P.1
1,15.17,,L' B2 F2 R2 D2 U R2 D2 U B2 F2 U' R2 L B R' F2 U L B,2022-07-07 12:32:49,15.17
2,19.47,,F D' F' R2 B' D2 U2 B R2 F U2 F L2 R' D' L' B' L2 B2 D' U,2022-07-07 12:33:29,19.47
3,15.28,,L D R2 L F' R2 U F R U2 R2 U2 B2 R U2 L' U2 R2 B2 U2 B',2022-07-07 12:34:09,15.28
4,17.60,,R2 B L2 D2 B2 D2 B2 L2 B D2 F' D' B U' B2 L B' U R' U' F',2022-07-07 12:34:51,17.60
5,16.96,,F B' U' B R F B' L' U F' U2 F R2 B L2 B U2 F L2 F U2,2022-07-07 12:36:15,16.96
6,18.57,,U2 F2 U B2 F2 D' U' B2 U' B2 F2 R' U2 L2 D' F2 R B F' R,2022-07-07 12:37:49,18.57
7,14.82,,B2 L D2 F U2 F L2 F R2 F' L2 U2 D' B U L F2 D' R' F',2022-07-07 17:57:01,14.82
8,16.99,,U' L2 B' F2 L2 B2 U' R2 F2 U F2 U' F2 R U2 L2 B D R F2,2022-07-07 17:57:51,16.99
9,21.17,,B2 U' F2 R' D2 R2 F2 U2 R' U2 F2 D F D2 B2 F D' L',2022-07-07 17:58:36,21.17
10,16.93,,F' R2 B2 R2 F L2 R2 B' L2 F' U' L' R' D' F U2 R2 F2 L' B,2022-07-07 17:59:19,16.93
11,19.02,,R' U R' F' B2 L U' D B R2 L2 D L2 U' L2 F2 D2 B2 U' L2 F2,2022-07-07 17:59:56,19.02
12,15.21,,R' B2 U2 F2 R2 U2 L2 B L2 F D2 B' L B2 R' D' L2 U F2 L' B2,2022-07-07 18:00:35,15.21
13,18.47,,D' B2 L2 D B2 R2 D' R2 U R2 L' D B2 F D' F D2 U' B' R,2022-07-07 18:01:22,18.47
14,15.37,,B L B2 D2 L2 F' R2 U2 R2 B2 U2 B' L2 F' D' R B L2 B2 F D',2022-07-07 18:02:03,15.37
15,14.62,,U2 R' F' U2 L2 U' F2 U2 L2 F2 U2 R2 F D2 R' U' B2 D' U',2022-07-07 18:02:55,14.62
16,14.43,,L U2 F2 D2 L2 U2 R F2 R2 U2 D B R B2 D B2 U2 B2 R,2022-07-07 18:03:36,14.43
17,21.58,,B' U2 L U' R F2 B2 D U2 B2 R2 U2 D2 B' U2 B' L2 U2 F' D',2022-07-07 18:04:12,21.58
18,16.34,,B' U B2 D2 F' R2 B R2 F2 D2 R2 B' L2 F2 R U L2 U' B' U,2022-07-07 18:04:54,16.34
19,15.43,,U2 R' B' R U F2 B U' R' B2 U L2 U R2 L2 B2 U' B2 D2,2022-07-07 18:05:36,15.43
20,15.44,,F2 D2 R2 F2 D F' D' L' F U2 D2 B' U2 R2 F U2 F' R2 U2 F,2022-07-07 18:06:16,15.44
21,DNF(24.81),,L2 F2 U B2 D' B2 D' R2 U2 R2 U' R2 B' R' D' U R' F2 U' B D',2022-07-18 17:29:59,24.81
22,12.40,,D F' D2 F' D' R' U' B' R2 D2 R' D2 R' F2 R2 F2 U2 R F2 L,2022-07-18 17:34:54,12.40
23,20.70,,D' B2 R2 U R2 B2 R2 U2 B2 F' L2 B' R2 D' L' U' B2 U2 F,2022-07-18 17:35:26,20.70
24,17.59,,U2 L2 R2 B2 U2 F' R2 D2 F R2 B' R B2 L' U' L2 D B' R2 F,2022-07-18 17:36:09,17.59
25,18.07,,B D F' L2 U2 B2 R2 F2 D L2 D U2 R2 U' B U2 R B L' D' U2,2022-07-18 17:36:46,18.07
26,16.37,,F2 D L2 U R2 F2 D' L2 R' U R2 B' R2 U2 R B' F2 U,2022-07-18 17:37:21,16.37
27,15.48,,U B' U' D2 F2 U F R2 U2 B2 R B2 R' U2 B2 R2 L U2 R B' L',2022-07-19 18:35:11,15.48
28,19.65,,D' R2 D2 R2 B2 U B2 U' R2 D' R' F2 D U' L B L' R' F2 U',2022-07-19 18:35:59,19.65
29,13.63,,R2 F L2 D2 R' D2 L' F2 L2 F2 U2 L' B2 F2 D U R' B2 U R' B',2022-07-19 18:36:42,13.63
30,15.12,,U' B R2 F R' U R' L' F U2 D2 R2 U2 L2 F' B2 R2 U2 D2 B,2022-07-19 18:37:47,15.12
31,15.22,,B2 F2 U' F2 R2 D F2 R2 D' B2 U B' U B2 U' F' L B2 D B2 U2,2022-07-19 18:39:13,15.22
32,14.40,,F L D2 R' D2 B2 R F2 L2 U2 R U2 F L' U2 B' U R' B2 D',2022-07-19 18:39:50,14.40
33,18.16,,B2 U2 F' R2 U2 R2 F L2 F U2 B U2 D L U L F R F' U L2,2022-07-19 18:40:32,18.16
34,27.81,,U F R2 D2 R2 B2 U F2 U R2 B2 D2 B2 U2 L F2 U F D' F2 R',2022-07-19 18:41:10,27.81
35,13.76,,B L D2 L2 B2 D2 L' D2 R2 U2 R' D2 R' B D' L2 U' B D' F' L',2022-07-20 12:06:12,13.76
36,15.43,,F2 D F2 R2 D F2 D' F2 D F2 R2 U' F' R2 B U L' R' D' B' L,2022-07-20 12:10:12,15.43
37,14.44,,B' L2 B' D2 L2 B R2 B2 F D R U' B' D F2 L' F' L',2022-07-20 12:10:46,14.44
38,20.47,,D2 B2 D F2 L2 D' U2 B2 R2 F2 B' D F R F' D F L2 F2 U2,2022-07-20 12:11:43,20.47
39,14.01,,U' L D' R2 U R' L' B U' B2 L2 D' B2 U' F2 U2 L2 B2 D B2,2022-07-20 12:12:26,14.01
40,18.77,,L B D2 L2 R2 F' R2 F2 D2 L2 B2 D2 B' R B2 U F L D2 R,2022-07-20 12:13:00,18.77
41,17.54,,B' U2 B2 R B' U D2 L' U' F2 L2 D F2 U L2 D F2 U B2,2022-07-20 12:13:33,17.54
42,22.43,,B R2 B' R2 U2 F' R2 F R2 B D2 B2 D R' F2 R U2 F' U' B' D',2022-07-20 12:14:18,22.43
43,17.86,,L2 F2 D2 L2 D' B2 F2 L2 B2 U' B2 U2 F L2 R' B F' L2 F2 R',2022-07-20 12:15:02,17.86
44,16.60,,F L' D L2 B L2 F U2 B' U2 F2 L2 F2 L B' D B2 R B U,2022-07-20 12:15:34,16.60
45,16.13,,D2 F2 U2 F U2 B L2 B' F2 R2 D2 U F2 L2 B' F D' R F R,2022-07-20 12:16:05,16.13
46,14.12,,U2 R' F' D2 R2 B U2 B2 R2 B2 F' R2 F' L B R2 U' F R D' L,2022-07-20 12:16:40,14.12
47,13.64,,L2 B2 R U2 R' D2 L U2 L' F2 U2 L' D' B2 R D' U2 B U F',2022-07-20 12:17:12,13.64
48,13.41,,U R2 B2 F2 R2 D' F2 D2 U R2 U' F' D2 U' R2 U F U' R' B' D,2022-07-20 12:17:47,13.41
49,14.13,,F' U' F2 L2 D B2 R2 D B2 U L2 F2 U L U' F U L2 F' L R',2022-07-20 12:18:30,14.13
50,17.22,,D' R' L2 B2 F2 U L2 B2 R2 U2 R2 F2 D' L2 R' D U' F' L R' D,2022-07-20 12:19:18,17.22
51,15.83,,B D2 B' U2 F D2 U2 F U2 F' L B D' F' R' U R2 D2 L D',2022-07-20 12:19:59,15.83
52,15.79,,U L2 U' F2 R2 U L2 U2 L2 F2 R2 L' F D2 U' L D2 R2 D,2022-07-20 12:20:46,15.79
53,16.66,,B2 L U2 L' R' B2 D2 U2 R' U2 L D2 F' R D L' R2 D' B F' D,2022-07-20 12:21:24,16.66
54,15.41,,U' L U' L2 D2 U F2 D' B2 L2 F2 R B' F' L' D' R' B' R,2022-07-20 12:22:21,15.41
55,15.00,,U F R' D2 F2 U L2 U2 R2 U' L2 R2 B U' B' D' R' B' L2,2022-07-20 12:22:53,15.00
56,11.82,,U2 F' R2 U L2 F2 U R2 F2 R2 U' R2 U2 F' L' F' U2 L2 R2 F',2022-07-20 12:23:31,11.82
57,13.29,,L2 B2 F2 R2 D F2 D' B2 R2 D' U' L' F L2 U B2 R D B2 D2 R2,2022-07-20 12:24:11,13.29
58,13.41,,B U D2 R D2 L F2 R' F2 U2 L B2 L F' R' F' U R2 F U',2022-07-20 12:24:56,13.41
59,18.41,,F' L' B' L F2 U' R F2 B U2 R2 U' F2 D2 B2 R2 U' R2 F2 D' F2,2022-07-20 12:25:56,18.41
60,14.75,,D2 U2 L' D2 U2 R F2 L' U2 L' D F L2 D' F U L2 R' B,2022-07-20 12:26:37,14.75
61,12.46,,F B2 D' B' D2 B L B U R2 D2 B2 R2 F2 R2 D' L2 F2 D' F,2022-07-20 12:27:16,12.46
62,29.65,,L2 U2 F2 L2 D2 F' L2 B D2 B2 R B2 L B2 U2 B D B U2,2022-07-20 12:27:57,29.65
63,15.28,,D2 U' F2 R2 F2 U' B2 D2 F2 L2 U' B' L' B F' D2 L' R F D F,2022-07-20 12:28:49,15.28
64,18.92,,D2 F2 R2 U2 B2 R2 F' L2 F L2 D2 R D F' U2 F' D' L2 F D2,2022-07-20 18:06:07,18.92
65,18.65,,U F L2 F' L2 B' U2 F L2 F' R2 F2 D R2 D2 F2 R F2 U2 L',2022-07-20 18:06:54,18.65
66,15.83,,F2 L2 D R2 F D L D' F' U2 R2 U2 R2 B' D2 R2 F2 R2 U,2022-07-20 18:07:34,15.83
67,15.96,,R' F' R' F2 L D2 L' F2 L2 D2 R' U2 R2 F2 D B F' D2 U R' F2,2022-07-20 18:08:06,15.96
68,19.32,,F R' U' D2 L F' L' D2 R2 D R2 U' F2 L2 D2 R2 U' D2 F R',2022-07-20 18:08:47,19.32
69,13.30,,L' F' D2 B2 D' R2 U' F2 U B2 U' R2 D2 B2 F' L' B2 L D F2 U',2022-07-20 18:09:26,13.30
70,22.36,,L2 R2 U B2 L2 B2 L2 U2 F2 D' L2 F U' R D2 R' D U' B2 R F,2022-07-20 18:10:09,22.36
71,12.51,,D R' D2 F2 L2 R2 D2 F2 L2 F2 D R2 F' D2 U B F2 D L2,2022-07-20 18:10:58,12.51
72,16.52,,B2 L2 U F2 D B2 F2 D R2 U' B2 R2 B' D' B2 D' R' D2 L' F' R,2022-07-20 18:11:31,16.52
73,14.62,,D' B U L' D' R' D2 R B' L2 U F2 L2 U2 D' F2 D R2 L2 D' L2,2022-07-20 18:12:09,14.62
74,19.63,,D2 L F' D' L2 F U B2 R' U2 F2 L2 D2 R B2 L B2 R' F2 D,2022-07-20 18:12:47,19.63
75,17.05,,U F2 R2 U2 F2 R2 B' U2 B U2 L2 B' R2 U R B D L B L2 F,2022-07-20 18:13:30,17.05
76,14.62,,U2 R L2 D' B' U L2 B L U2 R2 F2 U B2 D' B2 L2 B2 D' F2 D,2022-07-20 18:14:17,14.62
77,17.41,,U2 B2 F2 D F2 L2 R2 U' L2 F2 U2 B R F D R F U L' B,2022-07-20 18:15:02,17.41
78,16.92,,D B2 R2 D2 R2 D' R2 U2 L2 U F' U2 B' F D L' B' R2 D' R,2022-07-20 18:15:33,16.92
79,18.31,,D' F' R L2 B' L2 U' R2 F2 L' F2 R2 B2 U2 L' U2 L2 B2 R F',2022-07-20 18:16:10,18.31
80,13.38,,B L' U2 F R' L' F B2 L2 D' R2 D2 L2 F2 D' F2 D B2 R',2022-07-20 18:17:23,13.38
81,13.14,,R U F2 R U2 L F2 R D2 R D2 F2 R U B' L R2 F2 D2 B2,2022-07-20 18:18:41,13.14
82,17.45,,R U2 L U' F' D2 R D' L F' L2 D2 F' U2 F R2 D2 F2 L2 B2,2022-07-20 18:19:29,17.45
83,18.32,,U2 F' D2 F2 D2 F' R2 D2 B' U2 B2 U B R2 B' D' F L B U2,2022-07-20 18:20:30,18.32
84,18.19,,L2 R2 U F2 L2 B2 D2 R2 F2 D2 F2 L' F' D2 R U' L B' D' F' D',2022-07-20 18:21:17,18.19
85,14.71,,R2 D R2 U' F2 D' L2 R2 B2 L2 D2 F' U2 R' B' L B2 D L2 F' R,2022-07-20 18:21:52,14.71
86,19.21,,U' F2 U' F' L' B' R' U2 F' U2 L2 F B2 U2 R2 B L2 R D',2022-07-20 18:22:26,19.21
87,23.78,,R2 D R2 D2 L2 B2 U' F2 U2 R2 B2 D R B L' R U2 B' D B2 F,2022-07-20 18:23:11,23.78
88,16.77,,R F' D2 R' D2 F2 L2 B2 L B2 U2 R2 F2 R U L2 R' B' D' L2 D,2022-07-20 18:24:19,16.77
89,16.27,,L2 D2 F2 R2 B2 U R2 D R2 F2 U L2 F D' R2 B R2 U' L' R' D,2022-07-20 18:26:08,16.27
90,18.98,,F2 D R2 B2 U2 L2 D R2 F2 L2 R U L2 R' B L U2 F' L2 U2,2022-07-20 18:27:17,18.98
91,15.32,,L2 U2 R2 F2 D R2 U2 B2 L2 U' B2 F' U B2 L U' B R B F,2022-07-20 18:28:02,15.32
92,15.71,,L B' D L2 D2 U F2 R2 U' R2 B2 L2 U2 B2 L B2 L U2 F U2 F,2022-07-20 18:28:34,15.71
93,14.46,,R U2 B2 R2 D F2 U2 B2 U' R2 D L2 R2 F' L R D F R' B,2022-07-20 18:29:15,14.46
94,13.60,,L2 F' U D' L B U' F B' U R2 D' F2 R2 U' B2 U2 L2 F2 U2,2022-07-20 18:29:51,13.60
95,14.26,,R' D2 R2 B2 R2 U' B2 D R2 D2 U2 F2 B' U B' F' U L R B2,2022-07-20 18:30:34,14.26
96,13.82,,F2 U D2 B2 D2 L' F2 L F2 D2 L B2 R2 B2 F U B L B' L2,2022-07-20 18:31:05,13.82
97,12.74,,F B2 U2 L' D2 R F2 R U2 R' B2 D2 U2 B U2 L U R' F L B,2022-07-20 18:31:39,12.74
98,17.61,,D' L B R2 F' U2 F2 R2 F L2 F' R2 F' U2 R F D L2 R' F2 R,2022-07-20 18:32:12,17.61
99,15.06,,L B2 U2 R' L2 D' F B' R B2 U B2 D' B2 D' L2 B2 U2 F2 D R2,2022-07-20 18:32:52,15.06
100,13.18,,L2 R2 F R2 B R2 F2 U2 B' L2 F R D2 F' D F R U' L' R',2022-07-20 18:33:21,13.18
101,14.80,,R B' R2 F2 R2 F2 U' F2 U L2 F2 D2 R U2 B' D' U' F' D2 R,2022-07-20 18:33:56,14.80
102,17.88,,U R' D2 R2 D2 R2 D L2 F2 D L2 U' L2 U R D R2 B U2 L R2,2022-07-20 18:34:34,17.88
103,17.20,,U2 F2 L2 D' F2 U2 F2 R2 U2 L' U L2 U2 B' D2 B2 F L U2,2022-07-21 12:11:17,17.20
104,16.30,,L F' L' D' B U2 B2 U R' F U2 B U2 F R2 B' D2 F' U2 R2 U2,2022-07-21 12:11:56,16.30
105,19.37,,L U2 B2 D' B2 F2 D' B2 U R2 F L2 R D F U R2 B' L,2022-07-21 12:12:41,19.37
106,17.14,,F2 L' F2 U2 L' D2 B2 U2 R2 F2 R2 D B' R' U' L' U B' L2 U,2022-07-21 12:14:05,17.14
107,15.06,,D' B2 D' F2 D R2 B2 L2 R2 U L R' F' L2 U B U2 L' R D2,2022-07-21 12:14:39,15.06
108,17.03,,R2 U B2 U2 F U2 B U2 L2 B' L2 F' L2 U B' L' B2 F D2 B',2022-07-21 12:16:44,17.03
109,14.82,,L U2 R' D2 R D2 R B2 D2 R' F2 U' B2 U' F' D F2 R' D2 R',2022-07-21 12:17:24,14.82
110,14.57,,D' L' F2 L' B2 F2 L F2 U2 L2 U2 R' B' L2 D' L' F' D F2 R2,2022-07-21 12:18:06,14.57
111,15.39,,L2 U2 F U2 F2 D2 R2 B' R2 F' L2 B R B' D2 U F R' F U',2022-07-21 12:18:47,15.39
112,13.39,,B2 R' B2 U L2 F2 L F R2 U2 R2 B2 U F2 R2 D F2 R2 D2,2022-07-21 12:19:18,13.39
113,15.07,,R B' D2 F' U2 B' U2 R2 F2 R2 B2 U2 L D' U2 L' R2 U' L B,2022-07-21 12:19:55,15.07
114,15.45,,R2 D2 F2 U2 R B2 D2 R' U2 L' F2 B' D U2 B2 U' R U' L' F R2,2022-07-21 12:20:38,15.45
115,19.43,,L' B' L' U' L' F L' D2 F2 L2 F R2 F U2 B U2 L2 B2 D',2022-07-21 12:21:32,19.43
116,15.28,,F R' F R' D2 R2 D' L' D' B2 U' F2 D F2 U' L2 B2 U2 R2 F2 B',2022-07-21 12:22:19,15.28
117,14.94,,B2 U' F L2 B U' B F2 U2 D2 R U2 D2 B2 R' D2 R2 B2 R' B,2022-07-21 12:22:57,14.94
118,17.22,,F2 U2 L B2 D2 B2 U2 L2 B2 L' D2 L2 D' F D' L2 B' L' D' L' B2,2022-07-21 12:23:50,17.22
119,18.41,,D2 R U2 F2 L' F2 L2 B2 R' F2 D2 R B' F2 D B2 U F' R2 D' L,2022-07-21 12:24:37,18.41
120,19.98,,D B R2 U F R2 B' R' B F2 R2 B2 D2 R B2 R' U2 R2 B2 R',2022-07-21 12:25:17,19.98
121,23.84,,F2 U' R2 U F2 L2 F2 D' B2 U' R2 D R D' F U B' U R2 F2 R2,2022-07-21 12:26:20,23.84
122,17.05,,D' F2 U2 L2 B' D2 F2 L2 F' L2 B' R2 D2 R B2 U L2 D' R' D' F,2022-08-10 11:24:32,17.05
123,14.79,,R' D' B L B2 U L' F' R' U2 R D2 B2 R' B2 L' U2 R' D2 F2,2022-08-10 11:26:03,14.79
124,17.11,,U2 B2 R' D2 R B2 R F2 U2 F' R2 D L' B L' F L U R,2022-08-10 11:27:20,17.11
125,12.74,,U B' U' R L' U2 F' R2 B2 D2 L U2 B2 L F2 L F2 B L',2022-08-10 11:28:12,12.74
126,17.16,,U F2 R2 F' L2 D2 B' L2 B2 D2 F D2 F2 R D2 B R F' D2 L' D,2022-08-10 11:28:59,17.16
127,14.68,,L2 U D L2 F R' U R' L' F2 U2 L2 B' D2 B L2 U2 D2 B2,2022-08-10 11:29:35,14.68
128,18.39,,D2 R2 D2 B U2 F' D2 F R2 U2 F U L U2 B F D' F' R' U',2022-08-10 11:30:34,18.39
129,13.69,,D2 R F2 D2 L D2 U2 B2 D2 L B' U F' R U' B2 D' R2 F,2022-08-10 11:31:25,13.69
130,16.07,,D' B2 D2 L2 B2 D2 R2 B L2 B' U2 L R' U' B F2 U R2 F2,2022-08-10 11:31:55,16.07
131,15.14,,L' U' F' B2 D' B U2 R' D U2 R D2 R' D2 B2 D2 L' F2 L U2 L2,2022-08-10 11:32:36,15.14
132,15.02,,U R2 L D2 L2 D' F R2 U' L2 U' F2 U R2 B2 U L,2022-08-10 11:33:18,15.02
133,19.33,,F D2 B F R2 U2 F D2 F' R2 D F' L' R' B2 F2 R' F' L2,2022-08-10 11:34:02,19.33
134,13.22,,D2 L2 B L2 B' U2 B' R2 B D2 U2 B D F' U' L2 U2 B L U' B',2022-08-10 11:34:42,13.22
135,16.42,,L2 U L2 F' R' L' D B' D2 L2 F B R2 U2 R2 F' U2 F U,2022-08-10 11:50:20,16.42
136,11.66,,D' L2 D2 L U2 F U2 R' U L2 B2 U2 F D2 F L2 B2 L2 U2 B L2,2022-08-10 11:50:53,11.66
137,14.16,,L2 D F2 L2 D2 B2 D2 U' R2 U' B R' F R' U L B' F' D2 B D,2022-08-10 11:52:13,14.16
138,17.14,,R2 F' D F2 U2 L2 U R2 U2 F2 D L2 B2 L' B' L2 R' B2 R' U,2022-08-10 11:53:03,17.14
139,15.20,,F U2 R2 U2 B R2 F' R2 F L2 F2 L' D F2 L B U' R D' F',2022-08-10 11:53:40,15.20
140,15.12,,L2 F' D2 R U' B' D B' U' B2 U' B2 D2 R2 B2 R2 U' R2 D' R,2022-08-10 11:54:12,15.12
141,15.78,,D2 L D' R B' U' L2 B' L' F2 B2 D' B2 L2 U F2 D2 F2 D R2 U,2022-08-10 11:54:43,15.78
142,15.30,,F2 L2 B' F2 U2 B2 F D2 L2 R F2 D F' U F L D' B2 D,2022-08-10 11:55:21,15.30
143,16.74,,B2 D B2 D U' R2 U B2 U2 F2 L2 F2 L F' U' R' D U R U F',2022-08-10 11:56:12,16.74
144,16.16,,D' F' B' R B L U L2 B L2 F2 B2 U' R2 D L2 D2 B2 D' R2 F2,2022-08-10 11:59:46,16.16
145,18.52,,D L' U2 R2 F D2 B D2 R2 B R2 F U B D' F U' R D,2022-08-10 12:01:59,18.52
146,18.28,,R' F' B U L2 U' F L R2 U2 R2 F2 D2 B2 D' R2 B2 U' B2 L2 R,2022-08-10 12:02:43,18.28
147,14.22,,L2 D' U2 F2 R2 U L2 D' U' B2 R' B U' L F2 D' U B U' L,2022-08-10 12:04:01,14.22
148,14.35,,R2 F D' L2 B2 U' L2 B2 U R2 F2 D' L' D2 R2 D' F D' R2 B,2022-08-10 12:04:32,14.35
149,13.04,,D2 R2 D2 F' U' B R U' R2 U F2 R2 L2 U' R2 U2 R2 D L2 B' D,2022-08-10 12:05:01,13.04
150,13.33,,L D2 L' B2 U2 F2 R F2 L2 B2 D2 L2 U' B D2 B2 L U B2,2022-08-10 12:06:22,13.33
151,19.04+,,B2 F' D2 L2 F' D2 R2 U2 F2 D2 R2 F' D' L' D2 R' F' D' R2 F D,2022-08-10 12:07:00,17.04
152,25.32,,R B' D2 F' L2 B R2 D2 L2 U2 B2 F' R' D R2 B D' U' F2 D,2022-08-10 12:07:49,25.32
153,13.81,,R2 U2 B2 D' U B2 F2 D' B2 L' B2 L2 B' D F' R B F' D',2022-08-10 12:08:32,13.81
154,21.60,,R' U D R' F2 L F' D' F2 U' B2 U2 L2 F2 U R2 D F2 L2 F' L',2022-08-10 12:09:04,21.60
155,16.11,,D' F2 D2 L2 F2 D R2 F2 L2 R2 D L' B D2 B2 L2 F2 L2 F2,2022-08-10 12:09:41,16.11
156,15.33,,R' D2 B2 U2 B' R2 F' D2 F' U2 L2 B' D' B' D' R' U B2 L2 B2,2022-08-10 12:10:17,15.33
157,15.01,,R2 U R2 F L2 F U2 L2 B F' L2 D2 R' D2 L D L' B' F2,2022-08-10 12:11:00,15.01
158,15.33,,L2 D2 L2 R2 U' R2 U B2 U L2 R2 D2 L D' R B R D2 L B R2,2022-08-10 12:11:33,15.33
159,16.34,,B' L' R' D2 U2 R' U2 F2 L' U2 B2 R' F U L R' U R B,2022-08-10 12:12:10,16.34
160,15.22,,R2 D2 B2 L2 R2 U F2 L2 R2 D R' U' R' U F2 U' L' B' L,2022-08-10 12:12:43,15.22
161,15.29,,D' F' L U' B2 U' R2 D F2 L2 D R2 D U F U2 R B' D L F,2022-08-10 12:13:13,15.29
162,15.34,,U' R2 B' U' R' D2 F R U2 L B2 L' B2 U2 D2 L' B2 L2 D2 U' L,2022-08-10 12:13:45,15.34
163,14.19,,U2 R' L2 D2 U' B2 R2 U2 R2 D L2 U' L2 F U F' L' B2 F' U B',2022-08-10 12:15:20,14.19
164,15.28,,F B R2 F' U B' R F' R2 L2 U' F2 D L2 F2 U' L2 D R2 D',2022-08-10 12:15:50,15.28
165,16.68,,U D' L B2 R U' L' B' R' D' B D2 F' D2 B R2 L2 U2 B2 L2 D2,2022-08-10 12:16:30,16.68
166,13.59,,D2 U' B2 D2 F2 R2 D' B2 L2 F2 U2 B R B' L F' D F2 U2 L' R',2022-08-10 12:17:03,13.59
167,14.90,,F D B' U' L2 F' U2 D' B U2 B2 U2 R' D2 B2 R U2 F2 B2 L,2022-08-10 12:17:42,14.90
168,16.14,,U B D2 L2 U R2 D B2 L' F2 R2 F' U2 F' R2 F2 U2 B U2 D2 F2,2022-08-10 12:18:14,16.14
169,13.24,,F R2 F U2 B2 F R2 F R2 U2 F' U' B' R' U2 L2 D R U',2022-08-10 12:18:43,13.24
170,15.38,,L2 U2 R2 D U' L2 B2 U F2 U B' D B' D2 R' F2 U F L U,2022-08-10 12:19:34,15.38
171,14.29,,B' D' B2 D F2 L2 D U2 L2 U' R B U B L2 B2 L' U' F',2022-08-10 12:20:09,14.29
172,15.41,,F2 L2 F2 D L2 U2 F2 R2 D B2 F' L B2 R' B U2 F L B2 U,2022-08-10 12:20:48,15.41
173,13.92,,D' B2 R2 D R2 D B2 F2 D R2 L' D' F' U B2 F2 L' F2 R',2022-08-10 12:21:17,13.92
174,12.76,,L2 B2 R D2 R' D2 U2 B2 L' B D' U2 L2 F D2 L2 U' F2,2022-08-10 12:22:03,12.76
175,15.09,,F2 R D2 L2 D' B2 U2 B2 L2 D' F2 D' U' F U R' F' R2 F2 D,2022-08-10 12:22:29,15.09
176,14.31,,L D' L' F2 B' L D2 R' D' R2 F2 U B2 U F2 R2 F2 R2 B,2022-08-10 12:23:03,14.31
177,12.02,,B2 L' U2 F D2 L2 B' U2 F' L2 B' L2 R2 U' B' F R2 U' F' L' B2,2022-08-10 12:23:33,12.02
178,28.29,,F2 B L U' D2 B2 D F L' B' D2 B L2 U2 D2 F2 R2 B' U2 D2,2022-08-10 12:24:17,28.29
179,11.91,,R' F D R2 B' D' R U2 F B D2 F2 D2 R2 F' D2 B2 L F2,2022-08-10 12:25:07,11.91
180,14.36,,F2 L2 U2 B U2 B' D2 U2 F' R2 F' D R' D2 L2 F2 D' B L2 F',2022-08-10 12:25:37,14.36
181,14.36,,L U L2 U R2 F2 L2 F2 U F2 D' L2 F' U' B2 F2 U' F' L U,2022-08-10 12:26:08,14.36
182,14.65,,F2 D' L2 F' L2 B' R2 B U2 B U2 B2 D2 F' D R2 D L U F2 D,2022-08-10 12:26:50,14.65
183,11.47,,R L2 U' R2 U' D' F2 R' B U' F2 U' L2 U L2 B2 U B2 R2,2022-08-10 12:27:21,11.47
184,15.80,,R L2 B2 U2 B' D2 L' F2 U' B2 L2 D2 F' B' R2 F' L2 U2 F D2,2022-08-10 12:27:59,15.80
185,15.28,,L' B2 D L2 B2 R2 D2 L2 D2 R2 U F R2 B D' B R2 B2 R',2022-08-10 12:28:34,15.28
186,21.63,,U' L' U2 B D' B' L D' B R' F2 R U2 L' B2 R D2 R L2 B2,2022-08-10 12:29:05,21.63
187,15.07,,D2 L' D2 R B2 D2 L B2 L' F2 L2 F' L' U2 L F' U' B R' U',2022-08-10 12:29:43,15.07
188,15.72,,R U' L2 U2 L2 U2 R2 F2 D' F2 R2 U B2 R' D B R' U L' F' U,2022-08-10 12:30:19,15.72
189,16.92,,U' F2 R2 D2 B2 R U' R L F2 R2 F2 U2 R' U2 F2 R' F2 D2,2022-08-10 12:30:54,16.92
190,19.72,,U L' B D2 F2 D R' L U F' R2 U2 D2 F' R2 L2 B' D2 F2 D2 R2,2022-08-10 12:31:43,19.72
191,17.62,,D L B2 D R' U' B2 U' F' U' L2 B2 U' R2 D2 L2 F2 U L2 D R2,2022-08-10 13:34:00,17.62
192,13.31,,U' B L2 U' F L' F2 D F2 U2 R F2 R2 F2 U2 R2 L' B2 L2 B',2022-08-12 10:04:39,13.31
193,18.80,,F2 R2 F2 U2 B U2 L2 B' L2 B U2 F D F U2 B2 R' D2 F U',2022-08-12 10:05:10,18.80
194,17.63,,L D B' U2 F L F2 U L2 U2 R' U2 B2 R2 U2 R D2 R,2022-08-12 10:06:00,17.63
195,16.28,,B2 L F2 L B U' F D F2 L2 F' U2 F' L2 B L2 U2 D2 B' U',2022-08-12 10:06:35,16.28
196,15.10,,U' R B D2 B D2 F' R' U' L' D2 L2 F2 U2 F2 U2 F2 L F2 R2,2022-08-12 10:07:07,15.10
197,21.16,,R U' R2 F2 D F2 D' B2 F2 D' R' B L D' F' U2 L2 F2 U',2022-08-12 10:07:41,21.16
198,10.56,,R F' L2 U2 B2 U' R2 B2 L2 U2 F2 D2 U' L' F L U' F D' R2,2022-08-12 10:08:19,10.56
199,16.44,,R U F2 U' B2 L2 D2 L2 U2 R2 B2 D B2 F' R' D L2 D' L B' U',2022-08-12 10:09:03,16.44
200,15.84,,R L' F2 R' F R2 B L2 U2 F2 U2 L' B2 D2 R' D2 R B2 D' F,2022-08-12 10:09:37,15.84
201,15.30,,U R2 B2 L B2 D2 R' B2 F2 D2 L' B2 F' D' U F' D2 R D' B2 U',2022-08-12 10:10:18,15.30
202,16.94,,D' B2 R2 U B2 R2 U F2 L2 U' B2 L' D' B' F' R' B D2 R B F',2022-08-12 10:10:53,16.94
203,15.39,,R L' D2 F R2 B D F B2 L D2 F2 R' U2 B2 L U2 L2 D2,2022-08-12 10:11:25,15.39
204,20.48,,U2 F' L2 B2 L2 F2 D2 L' R2 D2 B2 R D2 B2 U F R F D' L2 F,2022-08-12 10:12:07,20.48
205,17.95,,U F2 B' U2 R2 D L D R' F2 B2 L D2 R F2 R D2 R' D2,2022-08-12 11:03:48,17.95
206,14.64,,U B2 L' F' B' U F' L D B2 R2 U2 B2 D B2 L2 U' R2 D' F2,2022-08-12 11:04:32,14.64
207,14.69,,F' R' B2 R2 U2 R D2 B2 R' D2 F2 B U2 B2 L2 F U R' B L',2022-08-12 11:21:49,14.69
208,17.40,,F' L D2 B R U2 B' R2 F' D L2 U L2 B2 R2 L2 D L2 D L2,2022-08-12 11:22:47,17.40
209,17.92,,L F' D2 R2 U2 R F2 R F2 U2 F2 R2 B2 D F' U L' U F L,2022-08-12 11:23:34,17.92
210,18.07,,L' R2 F2 D2 B2 D B2 D B2 L2 D B' L2 F' L F D U' B' L,2022-08-12 11:24:16,18.07
211,16.46,,F' D2 L' F2 R D' L U L B' L2 U2 D2 B' D2 B D2 F U2 D2,2022-08-12 11:25:04,16.46
212,21.40,,L2 R2 D2 B2 D' L2 F2 U L2 U L2 R D B' U2 R F2 D R F U',2022-08-12 11:25:51,21.40
213,17.47,,L2 B2 L2 B2 R U2 L' R D2 B2 R D F' U' F' L2 R' U B D,2022-08-15 14:47:11,17.47
214,17.19,,B' U B2 D B2 U' L2 B2 D' B2 D2 B2 F L D' U L D' B D',2022-08-15 14:47:56,17.19
215,12.28,,R2 D2 U2 F2 R' D2 R U2 R F2 U2 D' R F D' B D2 B R' U2,2022-08-15 14:48:31,12.28
216,15.45,,U2 R' D2 L' R2 U2 L F2 L2 D2 B R U2 B2 U B2 R F2 R,2022-08-15 14:49:00,15.45
217,16.20,,L U2 B' L2 B' F2 U2 R2 F D2 R2 F2 L2 D B U2 L2 R U' L,2022-08-15 14:49:38,16.20
218,19.75,,B2 R2 U B2 R2 U2 F2 D' L2 U F2 L D' L' U2 L' F' R U2 F',2022-08-15 14:50:29,19.75
219,17.59,,R U' L2 D' R2 F U2 B L' F' U2 B D2 B L2 B U2 R2 D2 L2 F',2022-08-15 14:51:38,17.59
220,16.09,,F R2 U F2 U' L2 B2 D' L2 U' F2 L D2 R' U B' L2 B R' D,2022-08-15 14:52:13,16.09
221,13.26,,B2 L2 B2 L2 R' U2 L B2 R' D2 F2 B' U2 R2 U2 R D' R' U' L2,2022-08-15 14:53:05,13.26
222,17.05,,F2 L2 F' U L2 D2 U B2 F2 R2 D' F2 U' L' D' L2 R D B R2,2022-08-15 14:53:38,17.05
223,18.77,,D B2 U F2 R2 U' B2 U B2 D R2 F L D R2 D R U' L2 F2 L,2022-08-15 14:54:20,18.77
224,13.80,,B2 U2 F B2 L D2 B U R2 F L2 B R2 F' D2 F D2 L2 B U2,2022-08-15 14:54:56,13.80
225,16.76,,R D2 L F2 U2 B2 U2 L2 B2 L' D L2 U' L' R F D' F2 D,2022-08-15 14:55:27,16.76
226,15.34,,L F D' B2 L2 U2 R2 D L2 U R2 U B2 L2 R' D R F' D' B2 R',2022-08-15 15:04:56,15.34
227,13.89,,U2 F2 D F' L' F2 U D L' F R F2 D2 F2 L F2 U2 R' D2 L' B2,2022-08-15 15:05:53,13.89
228,17.43,,U L D2 F2 B L' F U' L F' L2 B' L2 B U2 F R2 D2 B2,2022-08-15 15:06:33,17.43
229,15.15,,L U B' U2 R2 D2 F2 R2 U F2 U B2 F2 R' F' L' U' R2 U F,2022-08-15 15:07:11,15.15
230,16.67,,F2 R2 D' F2 D' R2 D' R2 B2 R2 U' L2 R' U' F' D R2 U' L U F2,2022-08-15 15:07:55,16.67
231,14.71,,U' B' L' B2 F D2 F' L2 R2 B L2 B' L2 U' F' L' D' R' D L,2022-08-15 15:08:37,14.71
232,13.44,,L' D' F R2 U2 B2 L2 U2 F2 R2 F' L2 R2 U' R2 D R' U' B2 R U',2022-08-15 15:09:10,13.44
233,20.67,,L2 R2 F2 R2 F U2 B R2 F' D2 F L2 U L B2 F2 L2 B2 R B D',2022-08-15 15:09:42,20.67
234,14.60,,R' D' L2 D B2 L2 U' F2 U' R2 L F R' B U2 L R' B',2022-08-15 15:10:37,14.60
235,15.22,,B2 R' D L' B L U' F R L2 F2 D2 R2 L2 B U2 L2 U2 B2 U2 B',2022-08-15 15:11:09,15.22
236,16.40,,R2 U D' R2 F' D' R D B R D2 F2 B2 R D2 R2 D2 B2 D2 R',2022-08-15 15:11:44,16.40
237,17.63,,B D2 B' L2 B2 L2 U2 L2 D2 F2 D R2 U' B2 L R D' B U' R F,2022-08-15 15:12:17,17.63
238,13.72,,U L2 R2 B F D2 F U2 L2 B D' R' F U2 F2 R F2 U2,2022-08-15 15:13:18,13.72
239,15.45,,R' D R2 B U F2 D' L F' L' U2 F2 U2 D2 L D2 L' B2 R2 B2 R2,2022-08-15 15:14:01,15.45
240,17.75,,U B' R' U R' D' R U2 R2 B D2 B U2 F' R2 L2 F' R2 F' U R,2022-08-15 15:14:42,17.75
241,14.22,,R2 D' F U2 D' B D2 R' D R2 U2 B2 L2 B L2 F' U2 B' D2,2022-08-15 15:15:27,14.22
242,14.08,,L D' F2 L2 F2 U2 B2 D' R2 D2 U R2 B2 R' D2 U' B' F2 R' U' R2,2022-08-15 15:16:04,14.08
243,12.42,,D R F' L2 D L2 F2 U L2 U L2 F2 B L' B' D2 U B2 U2,2022-08-15 15:16:36,12.42
244,20.71,,L2 D2 U2 B2 D2 R U2 L2 D2 U2 B' U L2 F2 L F L2 D R',2022-08-15 15:17:09,20.71
245,16.76,,F' U2 F' D2 R2 F' U2 L2 F' D2 F' D' F L2 R2 F R D' U' L R',2022-08-15 15:17:51,16.76
246,16.60,,F2 L2 D2 R2 D2 F L2 U2 B' D2 F' U2 L' R B' U R2 D' F U' L',2022-08-15 15:18:35,16.60
247,15.41,,R2 D R2 F2 D L2 D F2 L2 D2 L2 R B2 F R' F' R2 D2 U R,2022-08-15 15:19:09,15.41
248,19.23,,L B2 R' D2 R' F2 D2 F2 L' D2 F' L' R' D' R2 U' B R F,2022-08-15 15:20:13,19.23
249,16.17,,D2 B' L2 R2 D2 B2 F' D2 B' L2 B2 R2 D B2 L F2 U B2 D F' D,2022-08-15 15:20:58,16.17
